start;end;Nb_of_distinct_IPs;Nb_of_downloads;package
2014-10-01;2014-10-31;65;79;BridgeDbR
2014-11-01;2014-11-30;164;217;BridgeDbR
2014-12-01;2014-12-31;129;151;BridgeDbR
2015-01-01;2015-01-31;153;275;BridgeDbR
2015-02-01;2015-02-28;124;232;BridgeDbR
2015-03-01;2015-03-31;166;218;BridgeDbR
2015-04-01;2015-04-30;139;193;BridgeDbR
2015-05-01;2015-05-31;120;173;BridgeDbR
2015-06-01;2015-06-30;112;181;BridgeDbR
2015-07-01;2015-07-31;109;150;BridgeDbR
2015-08-01;2015-08-31;116;162;BridgeDbR
2015-09-01;2015-09-30;98;167;BridgeDbR
2015-10-01;2015-10-31;114;172;BridgeDbR
2015-11-01;2015-11-30;107;158;BridgeDbR
2015-12-01;2015-12-31;113;171;BridgeDbR
2016-01-01;2016-01-31;103;150;BridgeDbR
2016-02-01;2016-02-29;104;186;BridgeDbR
2016-03-01;2016-03-31;125;224;BridgeDbR
2016-04-01;2016-04-30;171;261;BridgeDbR
2016-05-01;2016-05-31;121;163;BridgeDbR
2016-06-01;2016-06-30;127;198;BridgeDbR
2016-07-01;2016-07-31;109;146;BridgeDbR
2016-08-01;2016-08-31;102;134;BridgeDbR
2016-09-01;2016-09-30;96;115;BridgeDbR
2016-10-01;2016-10-31;129;173;BridgeDbR
2016-11-01;2016-11-30;117;158;BridgeDbR
2016-12-01;2016-12-31;131;177;BridgeDbR
2017-01-01;2017-01-31;80;102;BridgeDbR
2017-02-01;2017-02-28;119;169;BridgeDbR
2017-03-01;2017-03-31;124;229;BridgeDbR
2017-04-01;2017-04-30;157;225;BridgeDbR
2017-05-01;2017-05-31;133;265;BridgeDbR
2017-06-01;2017-06-30;143;231;BridgeDbR
2017-07-01;2017-07-31;108;148;BridgeDbR
2017-08-01;2017-08-31;103;172;BridgeDbR
2017-09-01;2017-09-30;120;168;BridgeDbR
2017-10-01;2017-10-31;113;171;BridgeDbR
2017-11-01;2017-11-30;123;206;BridgeDbR
2017-12-01;2017-12-31;77;106;BridgeDbR
2018-01-01;2018-01-31;105;184;BridgeDbR
2018-02-01;2018-02-28;103;134;BridgeDbR
2018-03-01;2018-03-31;113;175;BridgeDbR
2018-04-01;2018-04-30;152;261;BridgeDbR
2018-05-01;2018-05-31;109;181;BridgeDbR
2018-06-01;2018-06-30;140;205;BridgeDbR
2018-07-01;2018-07-31;99;134;BridgeDbR
2018-08-01;2018-08-31;78;118;BridgeDbR
2018-09-01;2018-09-30;90;141;BridgeDbR
2018-10-01;2018-10-31;85;136;BridgeDbR
2018-11-01;2018-11-30;106;182;BridgeDbR
2018-12-01;2018-12-31;87;121;BridgeDbR
2019-01-01;2019-01-31;125;182;BridgeDbR
2019-02-01;2019-02-28;82;137;BridgeDbR
2019-03-01;2019-03-31;99;157;BridgeDbR
2019-04-01;2019-04-30;126;205;BridgeDbR
2019-05-01;2019-05-31;113;214;BridgeDbR
2019-06-01;2019-06-30;89;151;BridgeDbR
2019-07-01;2019-07-31;94;159;BridgeDbR
2019-08-01;2019-08-31;70;100;BridgeDbR
2019-09-01;2019-09-30;45;65;BridgeDbR
2019-10-01;2019-10-31;59;114;BridgeDbR
2019-11-01;2019-11-30;75;122;BridgeDbR
2019-12-01;2019-12-31;43;81;BridgeDbR
2020-01-01;2020-01-31;55;88;BridgeDbR
2020-02-01;2020-02-29;62;234;BridgeDbR
2020-03-01;2020-03-31;69;158;BridgeDbR
2020-04-01;2020-04-30;60;116;BridgeDbR
2020-05-01;2020-05-31;69;129;BridgeDbR
2020-06-01;2020-06-30;61;186;BridgeDbR
2020-07-01;2020-07-31;66;168;BridgeDbR
2020-08-01;2020-08-31;64;179;BridgeDbR
2020-09-01;2020-09-30;58;222;BridgeDbR
2020-10-01;2020-10-31;84;184;BridgeDbR
2020-11-01;2020-11-30;53;142;BridgeDbR
2020-12-01;2020-12-31;59;118;BridgeDbR
2021-01-01;2021-01-31;59;130;BridgeDbR
2021-02-01;2021-02-28;74;205;BridgeDbR
2021-03-01;2021-03-31;96;170;BridgeDbR
2021-04-01;2021-04-30;101;177;BridgeDbR
2021-05-01;2021-05-31;87;167;BridgeDbR
2021-06-01;2021-06-30;75;126;BridgeDbR
2021-07-01;2021-07-31;63;120;BridgeDbR
2021-08-01;2021-08-31;60;109;BridgeDbR
2021-09-01;2021-09-30;93;167;BridgeDbR
2021-10-01;2021-10-31;80;142;BridgeDbR
2021-11-01;2021-11-30;70;109;BridgeDbR
2021-12-01;2021-12-31;59;104;BridgeDbR
2022-01-01;2022-01-31;66;110;BridgeDbR
2022-02-01;2022-02-28;48;85;BridgeDbR
2022-03-01;2022-03-31;75;136;BridgeDbR
2022-04-01;2022-04-30;53;83;BridgeDbR
2022-05-01;2022-05-31;74;103;BridgeDbR
2022-06-01;2022-06-30;42;60;BridgeDbR
2022-07-01;2022-07-31;64;119;BridgeDbR
2022-08-01;2022-08-31;28;40;BridgeDbR
2022-09-01;2022-09-30;52;113;BridgeDbR
2022-10-01;2022-10-31;43;72;BridgeDbR
2022-11-01;2022-11-30;64;100;BridgeDbR
2022-12-01;2022-12-31;41;70;BridgeDbR
2023-01-01;2023-01-31;59;88;BridgeDbR
2023-02-01;2023-02-28;56;102;BridgeDbR
2023-03-01;2023-03-31;113;148;BridgeDbR
2023-04-01;2023-04-30;149;202;BridgeDbR
2023-05-01;2023-05-31;89;124;BridgeDbR
2023-06-01;2023-06-30;60;93;BridgeDbR
2023-07-01;2023-07-31;52;93;BridgeDbR
2023-08-01;2023-08-31;71;129;BridgeDbR
2023-09-01;2023-09-30;89;142;BridgeDbR
2023-10-01;2023-10-31;76;163;BridgeDbR
2023-11-01;2023-11-30;73;115;BridgeDbR
2023-12-01;2023-12-31;49;112;BridgeDbR
2024-01-01;2024-01-31;54;239;BridgeDbR
2024-02-01;2024-02-29;82;108;BridgeDbR
2024-03-01;2024-03-31;87;133;BridgeDbR
2024-04-01;2024-04-30;132;414;BridgeDbR
2024-05-01;2024-05-31;115;421;BridgeDbR
2024-06-01;2024-06-26;69;590;BridgeDbR
2016-04-01;2016-04-30;8;12;CHRONOS
2016-05-01;2016-05-31;73;99;CHRONOS
2016-06-01;2016-06-30;88;128;CHRONOS
2016-07-01;2016-07-31;80;111;CHRONOS
2016-08-01;2016-08-31;64;74;CHRONOS
2016-09-01;2016-09-30;68;81;CHRONOS
2016-10-01;2016-10-31;86;116;CHRONOS
2016-11-01;2016-11-30;82;117;CHRONOS
2016-12-01;2016-12-31;110;146;CHRONOS
2017-01-01;2017-01-31;64;78;CHRONOS
2017-02-01;2017-02-28;103;149;CHRONOS
2017-03-01;2017-03-31;84;161;CHRONOS
2017-04-01;2017-04-30;153;233;CHRONOS
2017-05-01;2017-05-31;103;149;CHRONOS
2017-06-01;2017-06-30;140;196;CHRONOS
2017-07-01;2017-07-31;112;165;CHRONOS
2017-08-01;2017-08-31;109;248;CHRONOS
2017-09-01;2017-09-30;95;154;CHRONOS
2017-10-01;2017-10-31;89;160;CHRONOS
2017-11-01;2017-11-30;85;154;CHRONOS
2017-12-01;2017-12-31;63;93;CHRONOS
2018-01-01;2018-01-31;81;119;CHRONOS
2018-02-01;2018-02-28;77;93;CHRONOS
2018-03-01;2018-03-31;81;96;CHRONOS
2018-04-01;2018-04-30;130;195;CHRONOS
2018-05-01;2018-05-31;92;128;CHRONOS
2018-06-01;2018-06-30;110;163;CHRONOS
2018-07-01;2018-07-31;87;120;CHRONOS
2018-08-01;2018-08-31;75;122;CHRONOS
2018-09-01;2018-09-30;82;138;CHRONOS
2018-10-01;2018-10-31;73;136;CHRONOS
2018-11-01;2018-11-30;88;170;CHRONOS
2018-12-01;2018-12-31;66;130;CHRONOS
2019-01-01;2019-01-31;94;174;CHRONOS
2019-02-01;2019-02-28;69;119;CHRONOS
2019-03-01;2019-03-31;89;138;CHRONOS
2019-04-01;2019-04-30;227;300;CHRONOS
2019-05-01;2019-05-31;113;207;CHRONOS
2019-06-01;2019-06-30;75;120;CHRONOS
2019-07-01;2019-07-31;96;164;CHRONOS
2019-08-01;2019-08-31;43;75;CHRONOS
2019-09-01;2019-09-30;34;74;CHRONOS
2019-10-01;2019-10-31;39;75;CHRONOS
2019-11-01;2019-11-30;47;126;CHRONOS
2019-12-01;2019-12-31;35;117;CHRONOS
2020-01-01;2020-01-31;50;106;CHRONOS
2020-02-01;2020-02-29;45;110;CHRONOS
2020-03-01;2020-03-31;50;140;CHRONOS
2020-04-01;2020-04-30;59;119;CHRONOS
2020-05-01;2020-05-31;61;132;CHRONOS
2020-06-01;2020-06-30;60;174;CHRONOS
2020-07-01;2020-07-31;50;113;CHRONOS
2020-08-01;2020-08-31;59;132;CHRONOS
2020-09-01;2020-09-30;51;242;CHRONOS
2020-10-01;2020-10-31;69;139;CHRONOS
2020-11-01;2020-11-30;44;112;CHRONOS
2020-12-01;2020-12-31;39;85;CHRONOS
2021-01-01;2021-01-31;48;111;CHRONOS
2021-02-01;2021-02-28;52;133;CHRONOS
2021-03-01;2021-03-31;80;142;CHRONOS
2021-04-01;2021-04-30;73;145;CHRONOS
2021-05-01;2021-05-31;73;131;CHRONOS
2021-06-01;2021-06-30;52;93;CHRONOS
2021-07-01;2021-07-31;56;99;CHRONOS
2021-08-01;2021-08-31;46;90;CHRONOS
2021-09-01;2021-09-30;79;137;CHRONOS
2021-10-01;2021-10-31;75;125;CHRONOS
2021-11-01;2021-11-30;51;86;CHRONOS
2021-12-01;2021-12-31;60;101;CHRONOS
2022-01-01;2022-01-31;49;83;CHRONOS
2022-02-01;2022-02-28;34;65;CHRONOS
2022-03-01;2022-03-31;65;110;CHRONOS
2022-04-01;2022-04-30;49;71;CHRONOS
2022-05-01;2022-05-31;62;78;CHRONOS
2022-06-01;2022-06-30;46;62;CHRONOS
2022-07-01;2022-07-31;61;98;CHRONOS
2022-08-01;2022-08-31;26;37;CHRONOS
2022-09-01;2022-09-30;52;102;CHRONOS
2022-10-01;2022-10-31;40;61;CHRONOS
2022-11-01;2022-11-30;58;86;CHRONOS
2022-12-01;2022-12-31;59;76;CHRONOS
2023-01-01;2023-01-31;37;54;CHRONOS
2023-02-01;2023-02-28;35;72;CHRONOS
2023-03-01;2023-03-31;33;44;CHRONOS
2023-04-01;2023-04-30;38;62;CHRONOS
2023-05-01;2023-05-31;72;98;CHRONOS
2023-06-01;2023-06-30;37;55;CHRONOS
2023-07-01;2023-07-31;44;62;CHRONOS
2023-08-01;2023-08-31;56;101;CHRONOS
2023-09-01;2023-09-30;25;39;CHRONOS
2023-10-01;2023-10-31;36;106;CHRONOS
2023-11-01;2023-11-30;42;85;CHRONOS
2023-12-01;2023-12-31;32;87;CHRONOS
2024-01-01;2024-01-31;52;197;CHRONOS
2024-02-01;2024-02-29;47;60;CHRONOS
2024-03-01;2024-03-31;96;156;CHRONOS
2024-04-01;2024-04-30;119;412;CHRONOS
2024-05-01;2024-05-31;91;404;CHRONOS
2024-06-01;2024-06-26;45;564;CHRONOS
2019-09-01;2019-09-30;1;1;debCAM
2019-10-01;2019-10-31;5;12;debCAM
2019-11-01;2019-11-30;17;58;debCAM
2019-12-01;2019-12-31;26;80;debCAM
2020-01-01;2020-01-31;30;90;debCAM
2020-02-01;2020-02-29;26;87;debCAM
2020-03-01;2020-03-31;48;137;debCAM
2020-04-01;2020-04-30;51;137;debCAM
2020-05-01;2020-05-31;53;132;debCAM
2020-06-01;2020-06-30;52;159;debCAM
2020-07-01;2020-07-31;47;121;debCAM
2020-08-01;2020-08-31;48;129;debCAM
2020-09-01;2020-09-30;34;122;debCAM
2020-10-01;2020-10-31;55;122;debCAM
2020-11-01;2020-11-30;45;117;debCAM
2020-12-01;2020-12-31;31;85;debCAM
2021-01-01;2021-01-31;41;114;debCAM
2021-02-01;2021-02-28;50;121;debCAM
2021-03-01;2021-03-31;68;137;debCAM
2021-04-01;2021-04-30;42;122;debCAM
2021-05-01;2021-05-31;57;121;debCAM
2021-06-01;2021-06-30;47;90;debCAM
2021-07-01;2021-07-31;48;94;debCAM
2021-08-01;2021-08-31;53;89;debCAM
2021-09-01;2021-09-30;57;124;debCAM
2021-10-01;2021-10-31;68;119;debCAM
2021-11-01;2021-11-30;52;83;debCAM
2021-12-01;2021-12-31;62;103;debCAM
2022-01-01;2022-01-31;51;99;debCAM
2022-02-01;2022-02-28;37;73;debCAM
2022-03-01;2022-03-31;69;108;debCAM
2022-04-01;2022-04-30;42;66;debCAM
2022-05-01;2022-05-31;54;78;debCAM
2022-06-01;2022-06-30;52;99;debCAM
2022-07-01;2022-07-31;67;129;debCAM
2022-08-01;2022-08-31;24;46;debCAM
2022-09-01;2022-09-30;47;89;debCAM
2022-10-01;2022-10-31;50;87;debCAM
2022-11-01;2022-11-30;69;112;debCAM
2022-12-01;2022-12-31;41;61;debCAM
2023-01-01;2023-01-31;39;68;debCAM
2023-02-01;2023-02-28;30;77;debCAM
2023-03-01;2023-03-31;34;50;debCAM
2023-04-01;2023-04-30;52;95;debCAM
2023-05-01;2023-05-31;78;119;debCAM
2023-06-01;2023-06-30;53;111;debCAM
2023-07-01;2023-07-31;46;73;debCAM
2023-08-01;2023-08-31;68;133;debCAM
2023-09-01;2023-09-30;46;63;debCAM
2023-10-01;2023-10-31;49;101;debCAM
2023-11-01;2023-11-30;61;124;debCAM
2023-12-01;2023-12-31;45;134;debCAM
2024-01-01;2024-01-31;50;177;debCAM
2024-02-01;2024-02-29;59;249;debCAM
2024-03-01;2024-03-31;81;184;debCAM
2024-04-01;2024-04-30;83;422;debCAM
2024-05-01;2024-05-31;98;476;debCAM
2024-06-01;2024-06-26;58;669;debCAM
2017-10-01;2017-10-31;2;2;esATAC
2017-11-01;2017-11-30;51;113;esATAC
2017-12-01;2017-12-31;70;126;esATAC
2018-01-01;2018-01-31;107;194;esATAC
2018-02-01;2018-02-28;98;185;esATAC
2018-03-01;2018-03-31;144;257;esATAC
2018-04-01;2018-04-30;221;538;esATAC
2018-05-01;2018-05-31;268;919;esATAC
2018-06-01;2018-06-30;243;579;esATAC
2018-07-01;2018-07-31;172;352;esATAC
2018-08-01;2018-08-31;178;449;esATAC
2018-09-01;2018-09-30;198;493;esATAC
2018-10-01;2018-10-31;232;505;esATAC
2018-11-01;2018-11-30;245;541;esATAC
2018-12-01;2018-12-31;171;384;esATAC
2019-01-01;2019-01-31;259;541;esATAC
2019-02-01;2019-02-28;210;442;esATAC
2019-03-01;2019-03-31;338;543;esATAC
2019-04-01;2019-04-30;342;504;esATAC
2019-05-01;2019-05-31;237;510;esATAC
2019-06-01;2019-06-30;190;396;esATAC
2019-07-01;2019-07-31;181;400;esATAC
2019-08-01;2019-08-31;108;220;esATAC
2019-09-01;2019-09-30;107;200;esATAC
2019-10-01;2019-10-31;110;183;esATAC
2019-11-01;2019-11-30;133;284;esATAC
2019-12-01;2019-12-31;109;248;esATAC
2020-01-01;2020-01-31;125;265;esATAC
2020-02-01;2020-02-29;106;243;esATAC
2020-03-01;2020-03-31;124;302;esATAC
2020-04-01;2020-04-30;124;280;esATAC
2020-05-01;2020-05-31;117;273;esATAC
2020-06-01;2020-06-30;115;265;esATAC
2020-07-01;2020-07-31;110;282;esATAC
2020-08-01;2020-08-31;102;228;esATAC
2020-09-01;2020-09-30;97;281;esATAC
2020-10-01;2020-10-31;97;204;esATAC
2020-11-01;2020-11-30;106;243;esATAC
2020-12-01;2020-12-31;86;252;esATAC
2021-01-01;2021-01-31;88;175;esATAC
2021-02-01;2021-02-28;83;183;esATAC
2021-03-01;2021-03-31;106;226;esATAC
2021-04-01;2021-04-30;117;212;esATAC
2021-05-01;2021-05-31;132;265;esATAC
2021-06-01;2021-06-30;94;172;esATAC
2021-07-01;2021-07-31;86;156;esATAC
2021-08-01;2021-08-31;90;160;esATAC
2021-09-01;2021-09-30;99;204;esATAC
2021-10-01;2021-10-31;113;202;esATAC
2021-11-01;2021-11-30;96;181;esATAC
2021-12-01;2021-12-31;86;130;esATAC
2022-01-01;2022-01-31;75;146;esATAC
2022-02-01;2022-02-28;73;156;esATAC
2022-03-01;2022-03-31;133;244;esATAC
2022-04-01;2022-04-30;101;181;esATAC
2022-05-01;2022-05-31;78;131;esATAC
2022-06-01;2022-06-30;71;154;esATAC
2022-07-01;2022-07-31;76;137;esATAC
2022-08-01;2022-08-31;56;94;esATAC
2022-09-01;2022-09-30;68;109;esATAC
2022-10-01;2022-10-31;79;160;esATAC
2022-11-01;2022-11-30;72;116;esATAC
2022-12-01;2022-12-31;68;103;esATAC
2023-01-01;2023-01-31;44;69;esATAC
2023-02-01;2023-02-28;94;170;esATAC
2023-03-01;2023-03-31;79;139;esATAC
2023-04-01;2023-04-30;76;127;esATAC
2023-05-01;2023-05-31;156;212;esATAC
2023-06-01;2023-06-30;63;98;esATAC
2023-07-01;2023-07-31;69;107;esATAC
2023-08-01;2023-08-31;78;159;esATAC
2023-09-01;2023-09-30;54;98;esATAC
2023-10-01;2023-10-31;63;148;esATAC
2023-11-01;2023-11-30;81;165;esATAC
2023-12-01;2023-12-31;55;130;esATAC
2024-01-01;2024-01-31;63;202;esATAC
2024-02-01;2024-02-29;62;93;esATAC
2024-03-01;2024-03-31;173;270;esATAC
2024-04-01;2024-04-30;209;508;esATAC
2024-05-01;2024-05-31;122;480;esATAC
2024-06-01;2024-06-26;71;611;esATAC
2022-04-01;2022-04-30;22;25;fastreeR
2022-05-01;2022-05-31;51;69;fastreeR
2022-06-01;2022-06-30;34;44;fastreeR
2022-07-01;2022-07-31;42;86;fastreeR
2022-08-01;2022-08-31;18;23;fastreeR
2022-09-01;2022-09-30;31;58;fastreeR
2022-10-01;2022-10-31;36;66;fastreeR
2022-11-01;2022-11-30;57;79;fastreeR
2022-12-01;2022-12-31;37;55;fastreeR
2023-01-01;2023-01-31;41;65;fastreeR
2023-02-01;2023-02-28;48;92;fastreeR
2023-03-01;2023-03-31;119;136;fastreeR
2023-04-01;2023-04-30;122;168;fastreeR
2023-05-01;2023-05-31;61;89;fastreeR
2023-06-01;2023-06-30;69;139;fastreeR
2023-07-01;2023-07-31;60;76;fastreeR
2023-08-01;2023-08-31;63;103;fastreeR
2023-09-01;2023-09-30;52;68;fastreeR
2023-10-01;2023-10-31;54;107;fastreeR
2023-11-01;2023-11-30;49;65;fastreeR
2023-12-01;2023-12-31;45;93;fastreeR
2024-01-01;2024-01-31;57;138;fastreeR
2024-02-01;2024-02-29;85;111;fastreeR
2024-03-01;2024-03-31;86;130;fastreeR
2024-04-01;2024-04-30;110;390;fastreeR
2024-05-01;2024-05-31;128;459;fastreeR
2024-06-01;2024-06-26;65;572;fastreeR
2022-10-01;2022-10-31;1;1;metabinR
2022-11-01;2022-11-30;46;61;metabinR
2022-12-01;2022-12-31;24;36;metabinR
2023-01-01;2023-01-31;25;55;metabinR
2023-02-01;2023-02-28;23;59;metabinR
2023-03-01;2023-03-31;84;91;metabinR
2023-04-01;2023-04-30;119;155;metabinR
2023-05-01;2023-05-31;44;58;metabinR
2023-06-01;2023-06-30;29;45;metabinR
2023-07-01;2023-07-31;26;33;metabinR
2023-08-01;2023-08-31;43;71;metabinR
2023-09-01;2023-09-30;41;50;metabinR
2023-10-01;2023-10-31;26;57;metabinR
2023-11-01;2023-11-30;36;58;metabinR
2023-12-01;2023-12-31;28;58;metabinR
2024-01-01;2024-01-31;35;91;metabinR
2024-02-01;2024-02-29;52;61;metabinR
2024-03-01;2024-03-31;40;61;metabinR
2024-04-01;2024-04-30;63;324;metabinR
2024-05-01;2024-05-31;83;389;metabinR
2024-06-01;2024-06-26;46;526;metabinR
2014-10-01;2014-10-31;73;108;paxtoolsr
2014-11-01;2014-11-30;172;261;paxtoolsr
2014-12-01;2014-12-31;151;198;paxtoolsr
2015-01-01;2015-01-31;158;289;paxtoolsr
2015-02-01;2015-02-28;140;244;paxtoolsr
2015-03-01;2015-03-31;259;388;paxtoolsr
2015-04-01;2015-04-30;196;285;paxtoolsr
2015-05-01;2015-05-31;148;200;paxtoolsr
2015-06-01;2015-06-30;159;234;paxtoolsr
2015-07-01;2015-07-31;154;213;paxtoolsr
2015-08-01;2015-08-31;146;204;paxtoolsr
2015-09-01;2015-09-30;122;199;paxtoolsr
2015-10-01;2015-10-31;153;264;paxtoolsr
2015-11-01;2015-11-30;145;220;paxtoolsr
2015-12-01;2015-12-31;171;282;paxtoolsr
2016-01-01;2016-01-31;181;325;paxtoolsr
2016-02-01;2016-02-29;198;338;paxtoolsr
2016-03-01;2016-03-31;192;337;paxtoolsr
2016-04-01;2016-04-30;239;346;paxtoolsr
2016-05-01;2016-05-31;211;393;paxtoolsr
2016-06-01;2016-06-30;179;349;paxtoolsr
2016-07-01;2016-07-31;167;279;paxtoolsr
2016-08-01;2016-08-31;125;222;paxtoolsr
2016-09-01;2016-09-30;119;216;paxtoolsr
2016-10-01;2016-10-31;176;306;paxtoolsr
2016-11-01;2016-11-30;160;290;paxtoolsr
2016-12-01;2016-12-31;329;835;paxtoolsr
2017-01-01;2017-01-31;125;252;paxtoolsr
2017-02-01;2017-02-28;154;289;paxtoolsr
2017-03-01;2017-03-31;152;329;paxtoolsr
2017-04-01;2017-04-30;184;328;paxtoolsr
2017-05-01;2017-05-31;175;354;paxtoolsr
2017-06-01;2017-06-30;164;306;paxtoolsr
2017-07-01;2017-07-31;141;295;paxtoolsr
2017-08-01;2017-08-31;135;293;paxtoolsr
2017-09-01;2017-09-30;119;241;paxtoolsr
2017-10-01;2017-10-31;131;216;paxtoolsr
2017-11-01;2017-11-30;138;243;paxtoolsr
2017-12-01;2017-12-31;100;146;paxtoolsr
2018-01-01;2018-01-31;126;201;paxtoolsr
2018-02-01;2018-02-28;96;124;paxtoolsr
2018-03-01;2018-03-31;133;214;paxtoolsr
2018-04-01;2018-04-30;193;291;paxtoolsr
2018-05-01;2018-05-31;164;266;paxtoolsr
2018-06-01;2018-06-30;161;303;paxtoolsr
2018-07-01;2018-07-31;130;187;paxtoolsr
2018-08-01;2018-08-31;126;178;paxtoolsr
2018-09-01;2018-09-30;111;204;paxtoolsr
2018-10-01;2018-10-31;119;224;paxtoolsr
2018-11-01;2018-11-30;142;276;paxtoolsr
2018-12-01;2018-12-31;106;152;paxtoolsr
2019-01-01;2019-01-31;123;189;paxtoolsr
2019-02-01;2019-02-28;110;204;paxtoolsr
2019-03-01;2019-03-31;122;210;paxtoolsr
2019-04-01;2019-04-30;119;193;paxtoolsr
2019-05-01;2019-05-31;146;258;paxtoolsr
2019-06-01;2019-06-30;127;186;paxtoolsr
2019-07-01;2019-07-31;133;245;paxtoolsr
2019-08-01;2019-08-31;85;119;paxtoolsr
2019-09-01;2019-09-30;50;80;paxtoolsr
2019-10-01;2019-10-31;81;124;paxtoolsr
2019-11-01;2019-11-30;90;151;paxtoolsr
2019-12-01;2019-12-31;61;96;paxtoolsr
2020-01-01;2020-01-31;89;156;paxtoolsr
2020-02-01;2020-02-29;68;145;paxtoolsr
2020-03-01;2020-03-31;78;180;paxtoolsr
2020-04-01;2020-04-30;101;203;paxtoolsr
2020-05-01;2020-05-31;105;181;paxtoolsr
2020-06-01;2020-06-30;75;153;paxtoolsr
2020-07-01;2020-07-31;79;173;paxtoolsr
2020-08-01;2020-08-31;80;168;paxtoolsr
2020-09-01;2020-09-30;64;219;paxtoolsr
2020-10-01;2020-10-31;81;154;paxtoolsr
2020-11-01;2020-11-30;71;148;paxtoolsr
2020-12-01;2020-12-31;97;198;paxtoolsr
2021-01-01;2021-01-31;80;141;paxtoolsr
2021-02-01;2021-02-28;82;197;paxtoolsr
2021-03-01;2021-03-31;100;175;paxtoolsr
2021-04-01;2021-04-30;116;185;paxtoolsr
2021-05-01;2021-05-31;78;118;paxtoolsr
2021-06-01;2021-06-30;77;107;paxtoolsr
2021-07-01;2021-07-31;85;129;paxtoolsr
2021-08-01;2021-08-31;56;126;paxtoolsr
2021-09-01;2021-09-30;92;164;paxtoolsr
2021-10-01;2021-10-31;88;113;paxtoolsr
2021-11-01;2021-11-30;51;80;paxtoolsr
2021-12-01;2021-12-31;59;85;paxtoolsr
2022-01-01;2022-01-31;59;90;paxtoolsr
2022-02-01;2022-02-28;49;81;paxtoolsr
2022-03-01;2022-03-31;66;112;paxtoolsr
2022-04-01;2022-04-30;73;133;paxtoolsr
2022-05-01;2022-05-31;74;94;paxtoolsr
2022-06-01;2022-06-30;225;271;paxtoolsr
2022-07-01;2022-07-31;91;121;paxtoolsr
2022-08-01;2022-08-31;97;327;paxtoolsr
2022-09-01;2022-09-30;88;251;paxtoolsr
2022-10-01;2022-10-31;77;121;paxtoolsr
2022-11-01;2022-11-30;91;140;paxtoolsr
2022-12-01;2022-12-31;67;112;paxtoolsr
2023-01-01;2023-01-31;65;130;paxtoolsr
2023-02-01;2023-02-28;67;139;paxtoolsr
2023-03-01;2023-03-31;118;161;paxtoolsr
2023-04-01;2023-04-30;159;218;paxtoolsr
2023-05-01;2023-05-31;92;132;paxtoolsr
2023-06-01;2023-06-30;76;123;paxtoolsr
2023-07-01;2023-07-31;65;110;paxtoolsr
2023-08-01;2023-08-31;87;139;paxtoolsr
2023-09-01;2023-09-30;61;86;paxtoolsr
2023-10-01;2023-10-31;61;136;paxtoolsr
2023-11-01;2023-11-30;92;161;paxtoolsr
2023-12-01;2023-12-31;69;100;paxtoolsr
2024-01-01;2024-01-31;89;258;paxtoolsr
2024-02-01;2024-02-29;110;157;paxtoolsr
2024-03-01;2024-03-31;105;176;paxtoolsr
2024-04-01;2024-04-30;104;330;paxtoolsr
2024-05-01;2024-05-31;33;91;paxtoolsr
2024-06-01;2024-06-26;122;698;paxtoolsr
2023-01-01;2023-01-31;3;3;RBioFormats
2023-02-01;2023-02-28;8;13;RBioFormats
2023-03-01;2023-03-31;12;18;RBioFormats
2023-04-01;2023-04-30;28;46;RBioFormats
2023-05-01;2023-05-31;99;154;RBioFormats
2023-06-01;2023-06-30;56;110;RBioFormats
2023-07-01;2023-07-31;63;119;RBioFormats
2023-08-01;2023-08-31;74;136;RBioFormats
2023-09-01;2023-09-30;64;110;RBioFormats
2023-10-01;2023-10-31;56;93;RBioFormats
2023-11-01;2023-11-30;78;107;RBioFormats
2023-12-01;2023-12-31;116;172;RBioFormats
2024-01-01;2024-01-31;67;180;RBioFormats
2024-02-01;2024-02-29;93;150;RBioFormats
2024-03-01;2024-03-31;283;363;RBioFormats
2024-04-01;2024-04-30;183;516;RBioFormats
2024-05-01;2024-05-31;208;553;RBioFormats
2024-06-01;2024-06-26;133;668;RBioFormats
2011-11-01;2011-11-30;35;64;ReQON
2011-12-01;2011-12-31;29;34;ReQON
2012-01-01;2012-01-31;59;85;ReQON
2012-02-01;2012-02-29;65;95;ReQON
2012-03-01;2012-03-31;58;214;ReQON
2012-04-01;2012-04-30;111;163;ReQON
2012-05-01;2012-05-31;72;96;ReQON
2012-06-01;2012-06-30;78;117;ReQON
2012-07-01;2012-07-31;84;108;ReQON
2012-08-01;2012-08-31;99;158;ReQON
2012-09-01;2012-09-30;133;194;ReQON
2012-10-01;2012-10-31;126;183;ReQON
2012-11-01;2012-11-30;135;183;ReQON
2012-12-01;2012-12-31;98;157;ReQON
2013-01-01;2013-01-31;103;157;ReQON
2013-02-01;2013-02-28;85;117;ReQON
2013-03-01;2013-03-31;123;261;ReQON
2013-04-01;2013-04-30;141;254;ReQON
2013-05-01;2013-05-31;199;314;ReQON
2013-06-01;2013-06-30;177;267;ReQON
2013-07-01;2013-07-31;118;186;ReQON
2013-08-01;2013-08-31;151;224;ReQON
2013-09-01;2013-09-30;139;181;ReQON
2013-10-01;2013-10-31;172;253;ReQON
2013-11-01;2013-11-30;166;229;ReQON
2013-12-01;2013-12-31;133;275;ReQON
2014-01-01;2014-01-31;137;194;ReQON
2014-02-01;2014-02-28;111;136;ReQON
2014-03-01;2014-03-31;175;268;ReQON
2014-04-01;2014-04-30;188;315;ReQON
2014-05-01;2014-05-31;202;370;ReQON
2014-06-01;2014-06-30;264;334;ReQON
2014-07-01;2014-07-31;169;232;ReQON
2014-08-01;2014-08-31;207;314;ReQON
2014-09-01;2014-09-30;225;307;ReQON
2014-10-01;2014-10-31;169;229;ReQON
2014-11-01;2014-11-30;187;246;ReQON
2014-12-01;2014-12-31;161;213;ReQON
2015-01-01;2015-01-31;164;328;ReQON
2015-02-01;2015-02-28;129;255;ReQON
2015-03-01;2015-03-31;178;268;ReQON
2015-04-01;2015-04-30;138;238;ReQON
2015-05-01;2015-05-31;126;180;ReQON
2015-06-01;2015-06-30;113;187;ReQON
2015-07-01;2015-07-31;111;175;ReQON
2015-08-01;2015-08-31;116;166;ReQON
2015-09-01;2015-09-30;91;162;ReQON
2015-10-01;2015-10-31;102;188;ReQON
2015-11-01;2015-11-30;92;144;ReQON
2015-12-01;2015-12-31;111;182;ReQON
2016-01-01;2016-01-31;119;213;ReQON
2016-02-01;2016-02-29;110;207;ReQON
2016-03-01;2016-03-31;109;229;ReQON
2016-04-01;2016-04-30;186;271;ReQON
2016-05-01;2016-05-31;125;174;ReQON
2016-06-01;2016-06-30;127;185;ReQON
2016-07-01;2016-07-31;113;159;ReQON
2016-08-01;2016-08-31;90;103;ReQON
2016-09-01;2016-09-30;75;97;ReQON
2016-10-01;2016-10-31;105;155;ReQON
2016-11-01;2016-11-30;97;129;ReQON
2016-12-01;2016-12-31;119;167;ReQON
2017-01-01;2017-01-31;75;97;ReQON
2017-02-01;2017-02-28;85;124;ReQON
2017-03-01;2017-03-31;83;173;ReQON
2017-04-01;2017-04-30;122;185;ReQON
2017-05-01;2017-05-31;97;135;ReQON
2017-06-01;2017-06-30;125;183;ReQON
2017-07-01;2017-07-31;87;115;ReQON
2017-08-01;2017-08-31;76;130;ReQON
2017-09-01;2017-09-30;88;121;ReQON
2017-10-01;2017-10-31;68;104;ReQON
2017-11-01;2017-11-30;80;159;ReQON
2017-12-01;2017-12-31;58;87;ReQON
2018-01-01;2018-01-31;76;102;ReQON
2018-02-01;2018-02-28;62;90;ReQON
2018-03-01;2018-03-31;70;83;ReQON
2018-04-01;2018-04-30;126;187;ReQON
2018-05-01;2018-05-31;73;132;ReQON
2018-06-01;2018-06-30;93;151;ReQON
2018-07-01;2018-07-31;83;111;ReQON
2018-08-01;2018-08-31;65;96;ReQON
2018-09-01;2018-09-30;68;110;ReQON
2018-10-01;2018-10-31;69;127;ReQON
2018-11-01;2018-11-30;82;158;ReQON
2018-12-01;2018-12-31;79;109;ReQON
2019-01-01;2019-01-31;76;122;ReQON
2019-02-01;2019-02-28;61;109;ReQON
2019-03-01;2019-03-31;72;126;ReQON
2019-04-01;2019-04-30;75;132;ReQON
2019-05-01;2019-05-31;81;159;ReQON
2019-06-01;2019-06-30;66;107;ReQON
2019-07-01;2019-07-31;79;137;ReQON
2019-08-01;2019-08-31;40;77;ReQON
2019-09-01;2019-09-30;33;75;ReQON
2019-10-01;2019-10-31;39;78;ReQON
2019-11-01;2019-11-30;37;101;ReQON
2019-12-01;2019-12-31;33;100;ReQON
2020-01-01;2020-01-31;48;108;ReQON
2020-02-01;2020-02-29;34;96;ReQON
2020-03-01;2020-03-31;43;131;ReQON
2020-04-01;2020-04-30;49;111;ReQON
2020-05-01;2020-05-31;46;111;ReQON
2020-06-01;2020-06-30;59;181;ReQON
2020-07-01;2020-07-31;54;123;ReQON
2020-08-01;2020-08-31;65;148;ReQON
2020-09-01;2020-09-30;63;211;ReQON
2020-10-01;2020-10-31;72;160;ReQON
2020-11-01;2020-11-30;38;111;ReQON
2020-12-01;2020-12-31;46;171;ReQON
2021-01-01;2021-01-31;37;97;ReQON
2021-02-01;2021-02-28;51;155;ReQON
2021-03-01;2021-03-31;78;139;ReQON
2021-04-01;2021-04-30;67;127;ReQON
2021-05-01;2021-05-31;59;105;ReQON
2021-06-01;2021-06-30;58;103;ReQON
2021-07-01;2021-07-31;53;91;ReQON
2021-08-01;2021-08-31;46;82;ReQON
2021-09-01;2021-09-30;72;128;ReQON
2021-10-01;2021-10-31;66;113;ReQON
2021-11-01;2021-11-30;66;92;ReQON
2021-12-01;2021-12-31;52;91;ReQON
2022-01-01;2022-01-31;48;88;ReQON
2022-02-01;2022-02-28;39;68;ReQON
2022-03-01;2022-03-31;50;84;ReQON
2022-04-01;2022-04-30;33;55;ReQON
2022-05-01;2022-05-31;51;65;ReQON
2022-06-01;2022-06-30;32;53;ReQON
2022-07-01;2022-07-31;41;65;ReQON
2022-08-01;2022-08-31;18;22;ReQON
2022-09-01;2022-09-30;33;68;ReQON
2022-10-01;2022-10-31;37;78;ReQON
2022-11-01;2022-11-30;52;94;ReQON
2022-12-01;2022-12-31;32;43;ReQON
2023-01-01;2023-01-31;26;41;ReQON
2023-02-01;2023-02-28;31;60;ReQON
2023-03-01;2023-03-31;24;44;ReQON
2023-04-01;2023-04-30;43;62;ReQON
2023-05-01;2023-05-31;59;73;ReQON
2023-06-01;2023-06-30;26;34;ReQON
2023-07-01;2023-07-31;21;41;ReQON
2023-08-01;2023-08-31;37;84;ReQON
2023-09-01;2023-09-30;23;34;ReQON
2023-10-01;2023-10-31;27;98;ReQON
2023-11-01;2023-11-30;41;105;ReQON
2023-12-01;2023-12-31;24;68;ReQON
2024-01-01;2024-01-31;40;277;ReQON
2024-02-01;2024-02-29;52;241;ReQON
2024-03-01;2024-03-31;104;221;ReQON
2024-04-01;2024-04-30;151;381;ReQON
2024-05-01;2024-05-31;20;89;ReQON
2024-06-01;2024-06-26;5;51;ReQON
2018-01-01;2018-01-31;4;7;RGMQL
2018-02-01;2018-02-28;11;12;RGMQL
2018-03-01;2018-03-31;13;14;RGMQL
2018-04-01;2018-04-30;33;40;RGMQL
2018-05-01;2018-05-31;61;84;RGMQL
2018-06-01;2018-06-30;66;99;RGMQL
2018-07-01;2018-07-31;51;67;RGMQL
2018-08-01;2018-08-31;44;67;RGMQL
2018-09-01;2018-09-30;60;107;RGMQL
2018-10-01;2018-10-31;61;102;RGMQL
2018-11-01;2018-11-30;60;124;RGMQL
2018-12-01;2018-12-31;73;100;RGMQL
2019-01-01;2019-01-31;72;110;RGMQL
2019-02-01;2019-02-28;56;94;RGMQL
2019-03-01;2019-03-31;67;115;RGMQL
2019-04-01;2019-04-30;75;120;RGMQL
2019-05-01;2019-05-31;67;161;RGMQL
2019-06-01;2019-06-30;61;124;RGMQL
2019-07-01;2019-07-31;70;160;RGMQL
2019-08-01;2019-08-31;36;63;RGMQL
2019-09-01;2019-09-30;19;31;RGMQL
2019-10-01;2019-10-31;38;63;RGMQL
2019-11-01;2019-11-30;36;95;RGMQL
2019-12-01;2019-12-31;20;66;RGMQL
2020-01-01;2020-01-31;37;80;RGMQL
2020-02-01;2020-02-29;26;70;RGMQL
2020-03-01;2020-03-31;42;104;RGMQL
2020-04-01;2020-04-30;43;93;RGMQL
2020-05-01;2020-05-31;47;108;RGMQL
2020-06-01;2020-06-30;33;92;RGMQL
2020-07-01;2020-07-31;27;77;RGMQL
2020-08-01;2020-08-31;34;89;RGMQL
2020-09-01;2020-09-30;28;118;RGMQL
2020-10-01;2020-10-31;37;80;RGMQL
2020-11-01;2020-11-30;24;58;RGMQL
2020-12-01;2020-12-31;28;135;RGMQL
2021-01-01;2021-01-31;29;65;RGMQL
2021-02-01;2021-02-28;35;89;RGMQL
2021-03-01;2021-03-31;44;82;RGMQL
2021-04-01;2021-04-30;52;91;RGMQL
2021-05-01;2021-05-31;54;78;RGMQL
2021-06-01;2021-06-30;31;50;RGMQL
2021-07-01;2021-07-31;40;64;RGMQL
2021-08-01;2021-08-31;28;42;RGMQL
2021-09-01;2021-09-30;32;62;RGMQL
2021-10-01;2021-10-31;37;50;RGMQL
2021-11-01;2021-11-30;26;35;RGMQL
2021-12-01;2021-12-31;35;52;RGMQL
2022-01-01;2022-01-31;33;52;RGMQL
2022-02-01;2022-02-28;31;43;RGMQL
2022-03-01;2022-03-31;32;48;RGMQL
2022-04-01;2022-04-30;23;33;RGMQL
2022-05-01;2022-05-31;35;38;RGMQL
2022-06-01;2022-06-30;20;28;RGMQL
2022-07-01;2022-07-31;20;28;RGMQL
2022-08-01;2022-08-31;10;10;RGMQL
2022-09-01;2022-09-30;17;30;RGMQL
2022-10-01;2022-10-31;14;19;RGMQL
2022-11-01;2022-11-30;33;56;RGMQL
2022-12-01;2022-12-31;27;31;RGMQL
2023-01-01;2023-01-31;17;27;RGMQL
2023-02-01;2023-02-28;18;34;RGMQL
2023-03-01;2023-03-31;16;28;RGMQL
2023-04-01;2023-04-30;30;46;RGMQL
2023-05-01;2023-05-31;55;103;RGMQL
2023-06-01;2023-06-30;22;29;RGMQL
2023-07-01;2023-07-31;25;37;RGMQL
2023-08-01;2023-08-31;36;63;RGMQL
2023-09-01;2023-09-30;23;55;RGMQL
2023-10-01;2023-10-31;29;129;RGMQL
2023-11-01;2023-11-30;28;78;RGMQL
2023-12-01;2023-12-31;18;75;RGMQL
2024-01-01;2024-01-31;31;130;RGMQL
2024-02-01;2024-02-29;29;62;RGMQL
2024-03-01;2024-03-31;83;137;RGMQL
2024-04-01;2024-04-30;209;613;RGMQL
2024-05-01;2024-05-31;58;394;RGMQL
2024-06-01;2024-06-26;35;553;RGMQL
2019-02-01;2019-02-28;1;1;rmelting
2019-03-01;2019-03-31;21;24;rmelting
2019-04-01;2019-04-30;11;17;rmelting
2019-05-01;2019-05-31;23;58;rmelting
2019-06-01;2019-06-30;25;43;rmelting
2019-07-01;2019-07-31;52;71;rmelting
2019-08-01;2019-08-31;31;44;rmelting
2019-09-01;2019-09-30;23;55;rmelting
2019-10-01;2019-10-31;33;60;rmelting
2019-11-01;2019-11-30;45;69;rmelting
2019-12-01;2019-12-31;23;51;rmelting
2020-01-01;2020-01-31;40;73;rmelting
2020-02-01;2020-02-29;32;63;rmelting
2020-03-01;2020-03-31;47;104;rmelting
2020-04-01;2020-04-30;63;130;rmelting
2020-05-01;2020-05-31;53;100;rmelting
2020-06-01;2020-06-30;70;162;rmelting
2020-07-01;2020-07-31;44;119;rmelting
2020-08-01;2020-08-31;50;122;rmelting
2020-09-01;2020-09-30;49;150;rmelting
2020-10-01;2020-10-31;61;127;rmelting
2020-11-01;2020-11-30;46;110;rmelting
2020-12-01;2020-12-31;55;123;rmelting
2021-01-01;2021-01-31;52;111;rmelting
2021-02-01;2021-02-28;55;117;rmelting
2021-03-01;2021-03-31;77;135;rmelting
2021-04-01;2021-04-30;70;140;rmelting
2021-05-01;2021-05-31;77;124;rmelting
2021-06-01;2021-06-30;54;93;rmelting
2021-07-01;2021-07-31;66;105;rmelting
2021-08-01;2021-08-31;52;96;rmelting
2021-09-01;2021-09-30;76;118;rmelting
2021-10-01;2021-10-31;74;117;rmelting
2021-11-01;2021-11-30;97;218;rmelting
2021-12-01;2021-12-31;58;83;rmelting
2022-01-01;2022-01-31;52;99;rmelting
2022-02-01;2022-02-28;43;68;rmelting
2022-03-01;2022-03-31;65;105;rmelting
2022-04-01;2022-04-30;60;108;rmelting
2022-05-01;2022-05-31;62;90;rmelting
2022-06-01;2022-06-30;45;73;rmelting
2022-07-01;2022-07-31;46;69;rmelting
2022-08-01;2022-08-31;26;42;rmelting
2022-09-01;2022-09-30;55;86;rmelting
2022-10-01;2022-10-31;40;76;rmelting
2022-11-01;2022-11-30;59;87;rmelting
2022-12-01;2022-12-31;38;65;rmelting
2023-01-01;2023-01-31;39;72;rmelting
2023-02-01;2023-02-28;53;92;rmelting
2023-03-01;2023-03-31;105;129;rmelting
2023-04-01;2023-04-30;134;168;rmelting
2023-05-01;2023-05-31;69;116;rmelting
2023-06-01;2023-06-30;61;94;rmelting
2023-07-01;2023-07-31;45;73;rmelting
2023-08-01;2023-08-31;79;123;rmelting
2023-09-01;2023-09-30;59;81;rmelting
2023-10-01;2023-10-31;41;83;rmelting
2023-11-01;2023-11-30;57;81;rmelting
2023-12-01;2023-12-31;43;88;rmelting
2024-01-01;2024-01-31;49;117;rmelting
2024-02-01;2024-02-29;86;106;rmelting
2024-03-01;2024-03-31;57;89;rmelting
2024-04-01;2024-04-30;120;393;rmelting
2024-05-01;2024-05-31;101;412;rmelting
2024-06-01;2024-06-26;65;554;rmelting
2014-10-01;2014-10-31;60;72;rRDP
2014-11-01;2014-11-30;142;185;rRDP
2014-12-01;2014-12-31;116;146;rRDP
2015-01-01;2015-01-31;144;292;rRDP
2015-02-01;2015-02-28;107;226;rRDP
2015-03-01;2015-03-31;159;223;rRDP
2015-04-01;2015-04-30;121;196;rRDP
2015-05-01;2015-05-31;102;149;rRDP
2015-06-01;2015-06-30;104;166;rRDP
2015-07-01;2015-07-31;105;149;rRDP
2015-08-01;2015-08-31;106;139;rRDP
2015-09-01;2015-09-30;84;141;rRDP
2015-10-01;2015-10-31;93;145;rRDP
2015-11-01;2015-11-30;79;122;rRDP
2015-12-01;2015-12-31;103;151;rRDP
2016-01-01;2016-01-31;99;160;rRDP
2016-02-01;2016-02-29;87;169;rRDP
2016-03-01;2016-03-31;94;186;rRDP
2016-04-01;2016-04-30;167;241;rRDP
2016-05-01;2016-05-31;114;144;rRDP
2016-06-01;2016-06-30;109;161;rRDP
2016-07-01;2016-07-31;101;135;rRDP
2016-08-01;2016-08-31;75;87;rRDP
2016-09-01;2016-09-30;70;84;rRDP
2016-10-01;2016-10-31;110;148;rRDP
2016-11-01;2016-11-30;96;122;rRDP
2016-12-01;2016-12-31;118;163;rRDP
2017-01-01;2017-01-31;67;83;rRDP
2017-02-01;2017-02-28;95;134;rRDP
2017-03-01;2017-03-31;80;154;rRDP
2017-04-01;2017-04-30;128;191;rRDP
2017-05-01;2017-05-31;96;131;rRDP
2017-06-01;2017-06-30;123;169;rRDP
2017-07-01;2017-07-31;89;115;rRDP
2017-08-01;2017-08-31;84;151;rRDP
2017-09-01;2017-09-30;72;133;rRDP
2017-10-01;2017-10-31;77;145;rRDP
2017-11-01;2017-11-30;89;153;rRDP
2017-12-01;2017-12-31;54;81;rRDP
2018-01-01;2018-01-31;80;114;rRDP
2018-02-01;2018-02-28;66;76;rRDP
2018-03-01;2018-03-31;64;77;rRDP
2018-04-01;2018-04-30;119;178;rRDP
2018-05-01;2018-05-31;70;92;rRDP
2018-06-01;2018-06-30;95;144;rRDP
2018-07-01;2018-07-31;86;115;rRDP
2018-08-01;2018-08-31;62;89;rRDP
2018-09-01;2018-09-30;65;100;rRDP
2018-10-01;2018-10-31;77;128;rRDP
2018-11-01;2018-11-30;74;147;rRDP
2018-12-01;2018-12-31;66;108;rRDP
2019-01-01;2019-01-31;129;187;rRDP
2019-02-01;2019-02-28;141;186;rRDP
2019-03-01;2019-03-31;178;228;rRDP
2019-04-01;2019-04-30;205;261;rRDP
2019-05-01;2019-05-31;91;170;rRDP
2019-06-01;2019-06-30;69;103;rRDP
2019-07-01;2019-07-31;97;158;rRDP
2019-08-01;2019-08-31;49;85;rRDP
2019-09-01;2019-09-30;38;80;rRDP
2019-10-01;2019-10-31;44;80;rRDP
2019-11-01;2019-11-30;53;129;rRDP
2019-12-01;2019-12-31;33;106;rRDP
2020-01-01;2020-01-31;40;96;rRDP
2020-02-01;2020-02-29;42;99;rRDP
2020-03-01;2020-03-31;49;137;rRDP
2020-04-01;2020-04-30;56;120;rRDP
2020-05-01;2020-05-31;49;110;rRDP
2020-06-01;2020-06-30;54;160;rRDP
2020-07-01;2020-07-31;36;88;rRDP
2020-08-01;2020-08-31;57;126;rRDP
2020-09-01;2020-09-30;39;143;rRDP
2020-10-01;2020-10-31;52;129;rRDP
2020-11-01;2020-11-30;41;113;rRDP
2020-12-01;2020-12-31;40;87;rRDP
2021-01-01;2021-01-31;45;105;rRDP
2021-02-01;2021-02-28;37;117;rRDP
2021-03-01;2021-03-31;63;119;rRDP
2021-04-01;2021-04-30;69;130;rRDP
2021-05-01;2021-05-31;61;101;rRDP
2021-06-01;2021-06-30;46;82;rRDP
2021-07-01;2021-07-31;52;88;rRDP
2021-08-01;2021-08-31;37;79;rRDP
2021-09-01;2021-09-30;50;89;rRDP
2021-10-01;2021-10-31;66;100;rRDP
2021-11-01;2021-11-30;47;72;rRDP
2021-12-01;2021-12-31;46;88;rRDP
2022-01-01;2022-01-31;43;67;rRDP
2022-02-01;2022-02-28;25;49;rRDP
2022-03-01;2022-03-31;47;86;rRDP
2022-04-01;2022-04-30;42;64;rRDP
2022-05-01;2022-05-31;55;69;rRDP
2022-06-01;2022-06-30;33;40;rRDP
2022-07-01;2022-07-31;43;65;rRDP
2022-08-01;2022-08-31;24;29;rRDP
2022-09-01;2022-09-30;47;89;rRDP
2022-10-01;2022-10-31;36;57;rRDP
2022-11-01;2022-11-30;49;75;rRDP
2022-12-01;2022-12-31;27;42;rRDP
2023-01-01;2023-01-31;38;65;rRDP
2023-02-01;2023-02-28;45;77;rRDP
2023-03-01;2023-03-31;29;44;rRDP
2023-04-01;2023-04-30;49;81;rRDP
2023-05-01;2023-05-31;67;94;rRDP
2023-06-01;2023-06-30;49;70;rRDP
2023-07-01;2023-07-31;40;56;rRDP
2023-08-01;2023-08-31;46;85;rRDP
2023-09-01;2023-09-30;54;68;rRDP
2023-10-01;2023-10-31;37;101;rRDP
2023-11-01;2023-11-30;44;58;rRDP
2023-12-01;2023-12-31;128;166;rRDP
2024-01-01;2024-01-31;44;216;rRDP
2024-02-01;2024-02-29;46;68;rRDP
2024-03-01;2024-03-31;83;142;rRDP
2024-04-01;2024-04-30;109;381;rRDP
2024-05-01;2024-05-31;82;390;rRDP
2024-06-01;2024-06-26;59;578;rRDP
2020-03-01;2020-03-31;3;3;sarks
2020-04-01;2020-04-30;27;38;sarks
2020-05-01;2020-05-31;43;90;sarks
2020-06-01;2020-06-30;40;126;sarks
2020-07-01;2020-07-31;27;79;sarks
2020-08-01;2020-08-31;46;118;sarks
2020-09-01;2020-09-30;35;105;sarks
2020-10-01;2020-10-31;51;111;sarks
2020-11-01;2020-11-30;29;92;sarks
2020-12-01;2020-12-31;32;76;sarks
2021-01-01;2021-01-31;42;93;sarks
2021-02-01;2021-02-28;36;90;sarks
2021-03-01;2021-03-31;58;115;sarks
2021-04-01;2021-04-30;67;138;sarks
2021-05-01;2021-05-31;57;99;sarks
2021-06-01;2021-06-30;41;89;sarks
2021-07-01;2021-07-31;42;74;sarks
2021-08-01;2021-08-31;37;65;sarks
2021-09-01;2021-09-30;47;88;sarks
2021-10-01;2021-10-31;51;86;sarks
2021-11-01;2021-11-30;35;63;sarks
2021-12-01;2021-12-31;42;68;sarks
2022-01-01;2022-01-31;41;70;sarks
2022-02-01;2022-02-28;27;51;sarks
2022-03-01;2022-03-31;39;76;sarks
2022-04-01;2022-04-30;32;55;sarks
2022-05-01;2022-05-31;49;63;sarks
2022-06-01;2022-06-30;20;24;sarks
2022-07-01;2022-07-31;30;52;sarks
2022-08-01;2022-08-31;11;19;sarks
2022-09-01;2022-09-30;35;62;sarks
2022-10-01;2022-10-31;27;51;sarks
2022-11-01;2022-11-30;39;61;sarks
2022-12-01;2022-12-31;30;44;sarks
2023-01-01;2023-01-31;31;47;sarks
2023-02-01;2023-02-28;26;72;sarks
2023-03-01;2023-03-31;19;29;sarks
2023-04-01;2023-04-30;33;63;sarks
2023-05-01;2023-05-31;58;78;sarks
2023-06-01;2023-06-30;28;42;sarks
2023-07-01;2023-07-31;31;46;sarks
2023-08-01;2023-08-31;55;89;sarks
2023-09-01;2023-09-30;23;33;sarks
2023-10-01;2023-10-31;26;76;sarks
2023-11-01;2023-11-30;35;47;sarks
2023-12-01;2023-12-31;25;59;sarks
2024-01-01;2024-01-31;39;126;sarks
2024-02-01;2024-02-29;42;50;sarks
2024-03-01;2024-03-31;56;99;sarks
2024-04-01;2024-04-30;87;357;sarks
2024-05-01;2024-05-31;80;386;sarks
2024-06-01;2024-06-26;49;568;sarks
2015-03-01;2015-03-31;3;4;SELEX
2015-04-01;2015-04-30;55;71;SELEX
2015-05-01;2015-05-31;80;119;SELEX
2015-06-01;2015-06-30;90;132;SELEX
2015-07-01;2015-07-31;96;136;SELEX
2015-08-01;2015-08-31;88;124;SELEX
2015-09-01;2015-09-30;61;99;SELEX
2015-10-01;2015-10-31;79;122;SELEX
2015-11-01;2015-11-30;76;122;SELEX
2015-12-01;2015-12-31;81;110;SELEX
2016-01-01;2016-01-31;101;152;SELEX
2016-02-01;2016-02-29;88;170;SELEX
2016-03-01;2016-03-31;79;163;SELEX
2016-04-01;2016-04-30;148;225;SELEX
2016-05-01;2016-05-31;106;134;SELEX
2016-06-01;2016-06-30;105;154;SELEX
2016-07-01;2016-07-31;119;178;SELEX
2016-08-01;2016-08-31;77;113;SELEX
2016-09-01;2016-09-30;63;77;SELEX
2016-10-01;2016-10-31;94;136;SELEX
2016-11-01;2016-11-30;89;116;SELEX
2016-12-01;2016-12-31;111;160;SELEX
2017-01-01;2017-01-31;57;72;SELEX
2017-02-01;2017-02-28;103;184;SELEX
2017-03-01;2017-03-31;82;159;SELEX
2017-04-01;2017-04-30;135;202;SELEX
2017-05-01;2017-05-31;92;129;SELEX
2017-06-01;2017-06-30;111;163;SELEX
2017-07-01;2017-07-31;96;134;SELEX
2017-08-01;2017-08-31;69;127;SELEX
2017-09-01;2017-09-30;68;98;SELEX
2017-10-01;2017-10-31;74;112;SELEX
2017-11-01;2017-11-30;86;157;SELEX
2017-12-01;2017-12-31;53;80;SELEX
2018-01-01;2018-01-31;80;119;SELEX
2018-02-01;2018-02-28;73;100;SELEX
2018-03-01;2018-03-31;75;87;SELEX
2018-04-01;2018-04-30;138;204;SELEX
2018-05-01;2018-05-31;74;121;SELEX
2018-06-01;2018-06-30;96;144;SELEX
2018-07-01;2018-07-31;84;116;SELEX
2018-08-01;2018-08-31;65;86;SELEX
2018-09-01;2018-09-30;69;114;SELEX
2018-10-01;2018-10-31;76;128;SELEX
2018-11-01;2018-11-30;84;141;SELEX
2018-12-01;2018-12-31;91;120;SELEX
2019-01-01;2019-01-31;84;133;SELEX
2019-02-01;2019-02-28;67;121;SELEX
2019-03-01;2019-03-31;76;130;SELEX
2019-04-01;2019-04-30;96;158;SELEX
2019-05-01;2019-05-31;90;231;SELEX
2019-06-01;2019-06-30;65;103;SELEX
2019-07-01;2019-07-31;89;144;SELEX
2019-08-01;2019-08-31;48;85;SELEX
2019-09-01;2019-09-30;45;95;SELEX
2019-10-01;2019-10-31;49;80;SELEX
2019-11-01;2019-11-30;48;114;SELEX
2019-12-01;2019-12-31;34;100;SELEX
2020-01-01;2020-01-31;45;103;SELEX
2020-02-01;2020-02-29;43;122;SELEX
2020-03-01;2020-03-31;48;137;SELEX
2020-04-01;2020-04-30;45;121;SELEX
2020-05-01;2020-05-31;47;108;SELEX
2020-06-01;2020-06-30;61;174;SELEX
2020-07-01;2020-07-31;39;96;SELEX
2020-08-01;2020-08-31;42;107;SELEX
2020-09-01;2020-09-30;42;177;SELEX
2020-10-01;2020-10-31;60;132;SELEX
2020-11-01;2020-11-30;44;122;SELEX
2020-12-01;2020-12-31;39;86;SELEX
2021-01-01;2021-01-31;52;103;SELEX
2021-02-01;2021-02-28;54;147;SELEX
2021-03-01;2021-03-31;74;159;SELEX
2021-04-01;2021-04-30;67;133;SELEX
2021-05-01;2021-05-31;69;108;SELEX
2021-06-01;2021-06-30;41;78;SELEX
2021-07-01;2021-07-31;50;83;SELEX
2021-08-01;2021-08-31;52;105;SELEX
2021-09-01;2021-09-30;74;121;SELEX
2021-10-01;2021-10-31;57;95;SELEX
2021-11-01;2021-11-30;42;67;SELEX
2021-12-01;2021-12-31;52;90;SELEX
2022-01-01;2022-01-31;45;72;SELEX
2022-02-01;2022-02-28;28;54;SELEX
2022-03-01;2022-03-31;47;85;SELEX
2022-04-01;2022-04-30;36;83;SELEX
2022-05-01;2022-05-31;59;72;SELEX
2022-06-01;2022-06-30;28;39;SELEX
2022-07-01;2022-07-31;38;59;SELEX
2022-08-01;2022-08-31;16;29;SELEX
2022-09-01;2022-09-30;42;88;SELEX
2022-10-01;2022-10-31;28;56;SELEX
2022-11-01;2022-11-30;55;81;SELEX
2022-12-01;2022-12-31;34;55;SELEX
2023-01-01;2023-01-31;25;48;SELEX
2023-02-01;2023-02-28;34;69;SELEX
2023-03-01;2023-03-31;29;46;SELEX
2023-04-01;2023-04-30;49;89;SELEX
2023-05-01;2023-05-31;59;73;SELEX
2023-06-01;2023-06-30;31;48;SELEX
2023-07-01;2023-07-31;36;61;SELEX
2023-08-01;2023-08-31;54;104;SELEX
2023-09-01;2023-09-30;37;44;SELEX
2023-10-01;2023-10-31;37;98;SELEX
2023-11-01;2023-11-30;38;54;SELEX
2023-12-01;2023-12-31;27;70;SELEX
2024-01-01;2024-01-31;51;199;SELEX
2024-02-01;2024-02-29;51;68;SELEX
2024-03-01;2024-03-31;91;146;SELEX
2024-04-01;2024-04-30;92;374;SELEX
2024-05-01;2024-05-31;91;424;SELEX
2024-06-01;2024-06-26;45;552;SELEX
